Annual Distance (miles/vehicle),2020.0
LDVs,8012.145619741
HDVs,12508.263535484
aircraft,1770629.090714709
rail,198380.833333333
ships,146.546323693
motorbikes,1579.268057204
