Annual Distance (miles/vehicle),2020.0
LDVs,7230.687528669
HDVs,25079.576274012
aircraft,1720951.928547732
rail,13874.035253198
ships,500454.679262436
motorbikes,0.0
