Annual Distance (miles/vehicle),2020.0
LDVs,7256.114582511
HDVs,24925.284315049
aircraft,1476259.741452805
rail,13788.502724337
ships,502969.906625545
motorbikes,0.0
