Annual Distance (miles/vehicle),2020.0
LDVs,7043.471854915
HDVs,25931.133828387
aircraft,1284308.846464559
rail,13834.886241495
ships,500809.439937408
motorbikes,0.0
