Annual Distance (miles/vehicle),2020.0
LDVs,8039.965808156
HDVs,12431.340221714
aircraft,1518873.319973012
rail,143259.35
ships,146.924770797
motorbikes,1585.121367414
