Annual Distance (miles/vehicle),2020.0
LDVs,8073.148507708
HDVs,7057.48650815
aircraft,1644730.179492276
rail,198380.833333333
ships,137.953916189
motorbikes,1372.428135284
