Unit: dimensionless,Year2020,Year2021,Year2022,Year2023,Year2024,Year2025,Year2026,Year2027,Year2028,Year2029,Year2030,Year2031,Year2032,Year2033,Year2034,Year2035,Year2036,Year2037,Year2038,Year2039,Year2040,Year2041,Year2042,Year2043,Year2044,Year2045,Year2046,Year2047,Year2048,Year2049,Year2050,Year2051,Year2052,Year2053,Year2054,Year2055,Year2056,Year2057,Year2058,Year2059,Year2060,Year2061,Year2062,Year2063,Year2064,Year2065,Year2066,Year2067,Year2068,Year2069,Year2070,Year2071,Year2072,Year2073,Year2074,Year2075,Year2076,Year2077,Year2078,Year2079,Year2080,Year2081,Year2082,Year2083,Year2084,Year2085,Year2086,Year2087,Year2088,Year2089,Year2090,Year2091,Year2092,Year2093,Year2094,Year2095,Year2096,Year2097,Year2098,Year2099,Year2100
RPS Fraction (dimensionless),0.0879657335913047,0.10053226696149109,0.11309880033167748,0.12566533370186386,0.1541494760076197,0.1826336183133755,0.2111177606191313,0.2396019029248871,0.2680860452306429,0.2965701875363987,0.3250543298421545,0.3535384721479103,0.3820226144536661,0.4105067567594219,0.4389908990651777,0.4674750413709335,0.4959591836766893,0.5244433259824451,0.5529274682882009,0.5814116105939567,0.6098957528997125,0.6383798952054683,0.6668640375112241,0.6953481798169799,0.7238323221227357,0.7523164644284915,0.7808006067342473,0.8092847490400031,0.8377688913457592,0.8377688913457592,0.8377688913457592,0.8377688913457592,0.8377688913457592,0.8377688913457592,0.8377688913457592,0.8377688913457592,0.8377688913457592,0.8377688913457592,0.8377688913457592,0.8377688913457592,0.8377688913457592,0.8377688913457592,0.8377688913457592,0.8377688913457592,0.8377688913457592,0.8377688913457592,0.8377688913457592,0.8377688913457592,0.8377688913457592,0.8377688913457592,0.8377688913457592,0.8377688913457592,0.8377688913457592,0.8377688913457592,0.8377688913457592,0.8377688913457592,0.8377688913457592,0.8377688913457592,0.8377688913457592,0.8377688913457592,0.8377688913457592,0.8377688913457592,0.8377688913457592,0.8377688913457592,0.8377688913457592,0.8377688913457592,0.8377688913457592,0.8377688913457592,0.8377688913457592,0.8377688913457592,0.8377688913457592,0.8377688913457592,0.8377688913457592,0.8377688913457592,0.8377688913457592,0.8377688913457592,0.8377688913457592,0.8377688913457592,0.8377688913457592,0.8377688913457592,0.8377688913457592
