Unit: dimensionless (ratio of electricity demand in this hour to annual demand),Hour0,Hour1,Hour2,Hour3,Hour4,Hour5,Hour6,Hour7,Hour8,Hour9,Hour10,Hour11,Hour12,Hour13,Hour14,Hour15,Hour16,Hour17,Hour18,Hour19,Hour20,Hour21,Hour22,Hour23
Winter,0,0,0,0.0,0.0,0.0,0.006598081683168317,0.06945389851485154,0.1462909962871287,0.1893770627062706,0.18231100453795368,0.17017326732673266,0.16949386344884484,0.267660633250825,0.19550974628712875,0.06467486592409243,0.005290841584158416,0.0,0.0,0,0,0,0,0
Spring,0,0,0,1.5133986224709426e-05,0.0037750887860525197,0.01483298805424021,0.2318207194360741,0.3081414119672837,0.354791083727938,0.3614550823288851,0.36201335826517433,0.34556607834696523,0.33270723471803704,0.40112798643994846,0.38336404972018934,0.31587656048213514,0.19078407501076192,0.10334831037451567,0.008638143026259147,0,0,0,0,0
Summer,0,0,0,0.0003413554670684461,0.010121273676280679,0.02985094705122688,0.34896113592337485,0.39998284814894525,0.42420563387860516,0.42921330176495914,0.42663716099870874,0.4199378497632372,0.41913574849332785,0.5286435912612999,0.5095327297675418,0.4778371179509254,0.3790357296599224,0.21376251076194586,0.043469853099440375,0,0,0,0,0
Fall,0,0,0,0.0,0.0,0.0,0.1820879321538712,0.30388228372017534,0.33446782178217815,0.33913680814802777,0.3241534450576206,0.3156802872910242,0.31973299788995296,0.4293032786885246,0.39494653871124813,0.2590818251907159,0.08515764486284695,0.025952057295893526,0.0,0,0,0,0,0
Summer Peak,0,0,0,0.0,0.0037128712871287127,0.02212252475247525,0.3216274752475248,0.3538056930693069,0.3841274752475248,0.3985148514851486,0.41444925742574257,0.39820544554455445,0.4037747524752475,0.5385210396039605,0.5163985148514851,0.3525680693069307,0.16212871287128713,0.07595915841584158,0.0001547029702970297,0,0,0,0,0
Winter Peak,0,0,0,0.0,0.0,0.0,0.0,0.010055693069306931,0.06219059405940595,0.08895420792079209,0.06543935643564357,0.09328589108910891,0.05244430693069307,0.034962871287128716,0.014542079207920793,0.0,0.0,0.0,0.0,0,0,0,0,0
