solar pv dist,Hour0,Hour1,Hour2,Hour3,Hour4,Hour5,Hour6,Hour7,Hour8,Hour9,Hour10,Hour11,Hour12,Hour13,Hour14,Hour15,Hour16,Hour17,Hour18,Hour19,Hour20,Hour21,Hour22,Hour23
Winter,0,0,0,0.0,0.0,0.0,0.006080499354283254,0.07051630434782613,0.14805477830391736,0.19046357081360307,0.1835718897976753,0.17151851054670683,0.17185078562204048,0.27180370210934135,0.19936773568661217,0.0659653465346535,0.005257210503659062,0.0,0.0,0,0,0,0,0
Spring,0,0,0,1.5133986224709426e-05,0.0037750887860525197,0.01483298805424021,0.2318207194360741,0.3081414119672837,0.354791083727938,0.3614550823288851,0.36201335826517433,0.34556607834696523,0.33270723471803704,0.40112798643994846,0.38336404972018934,0.31587656048213514,0.19078407501076192,0.10334831037451567,0.008638143026259147,0,0,0,0,0
Summer,0,0,0,0.00036097359735973606,0.010313531353135322,0.029852338682144094,0.34666446170479104,0.3983548139296688,0.42271608626379875,0.427911972231706,0.4254811795834757,0.41863690679412763,0.4171983469898716,0.5252005804028678,0.5049967281210879,0.47500391202913383,0.3784212472971434,0.21453389951064078,0.0448300756799818,0,0,0,0,0
Fall,0,0,0,0.0,0.0,0.0,0.1820879321538712,0.30388228372017534,0.33446782178217815,0.33913680814802777,0.3241534450576206,0.3156802872910242,0.31973299788995296,0.4293032786885246,0.39494653871124813,0.2590818251907159,0.08515764486284695,0.025952057295893526,0.0,0,0,0,0,0
Summer Peak,0,0,0,0.0,0.006775990099009903,0.02982673267326733,0.3889232673267327,0.4283106435643565,0.45012376237623763,0.4518564356435644,0.44675123762376245,0.4425742574257426,0.4528465346534654,0.5885519801980198,0.5884591584158416,0.5271349009900991,0.38972772277227724,0.20034034653465352,0.019801980198019802,0,0,0,0,0
Winter Peak,0,0,0,0.0,0.0,0.0,0.01850247524752475,0.04501856435643565,0.10572400990099011,0.16438737623762376,0.15331064356435642,0.13923267326732675,0.11528465346534655,0.1723700495049505,0.10677599009900993,0.03499381188118812,0.006064356435643565,0.0,0.0,0,0,0,0,0
