solar pv,Hour0,Hour1,Hour2,Hour3,Hour4,Hour5,Hour6,Hour7,Hour8,Hour9,Hour10,Hour11,Hour12,Hour13,Hour14,Hour15,Hour16,Hour17,Hour18,Hour19,Hour20,Hour21,Hour22,Hour23
Winter,0,0,0,0,0.0,0.0,0.00012240766460299899,0.06273863609613711,0.20377580565429257,0.2731338716131919,0.2698288646689108,0.2531202184506014,0.24777194510487038,0.25613803818177544,0.2154892775593796,0.08221557872931426,0.007156140392175325,0.0,0.0,0,0,0,0,0
Spring,0,0,0,0,0.020609213530754927,0.1598008521456651,0.3867670252583509,0.5529236599891716,0.636772910242226,0.6552870695134295,0.6514441750429606,0.624532143781926,0.605388291236082,0.5893399402085641,0.5735446434876769,0.5008003578070196,0.3331842470751629,0.11654033567948023,0.008980485393470026,0,0,0,0,0
Summer,0,0,0,0,0.07040307675074212,0.3400543907797049,0.6221023218764201,0.7474189272445533,0.7901536508410655,0.8006397450976734,0.7920268344441751,0.7869487021513605,0.7912551574781098,0.8026062767208711,0.7923940033231895,0.7317426830710252,0.6128484214849803,0.3540628169943182,0.08653361462203384,0,0,0,0,0
Fall,0,0,0,0,0.0,0.026218857340658753,0.2510673045346019,0.5238978582903602,0.6033088659501008,0.602873955994213,0.5776403028393408,0.5574480548874116,0.5581048576779358,0.5738858760772897,0.567628498140538,0.4270194466880277,0.16207940213194635,0.013357948645122353,0.0,0,0,0,0,0
Summer Peak,0,0,0,0,0.0,0.19761775852734165,0.5630752571737954,0.7818083378451544,0.826204656199242,0.7872225230102871,0.7726042230644288,0.7601515971846238,0.7563616675690309,0.7969680563075257,0.7785598267460748,0.6247969680563076,0.4260963724959394,0.17541959935029777,0.0,0,0,0,0,0
Winter Peak,0,0,0,0,0.0,0.0,0.0,0.0005414185165132648,0.04168922577152139,0.09366540335679481,0.12506767731456417,0.1505143475906876,0.0844612885760693,0.05468327016783974,0.023280996210070386,0.0,0.0,0.0,0.0,0,0,0,0,0
