solar pv,Hour0,Hour1,Hour2,Hour3,Hour4,Hour5,Hour6,Hour7,Hour8,Hour9,Hour10,Hour11,Hour12,Hour13,Hour14,Hour15,Hour16,Hour17,Hour18,Hour19,Hour20,Hour21,Hour22,Hour23
Winter,0,0,0,0,0.0,0.0,0.0001321272365076902,0.06772029052698,0.21995627606778292,0.2948216009997558,0.291254165614048,0.27321879783074826,0.26744585395871995,0.2764762423923418,0.2325998362382112,0.08874376658206896,0.007724361518911119,0.0,0.0,0,0,0,0,0
Spring,0,0,0,0,0.02224565299278515,0.17248956635239515,0.4174776014673995,0.5968276204846169,0.6873347774923848,0.7073190220141728,0.7031709890603499,0.6741220538416156,0.6534581163243312,0.636135473345655,0.619085978019374,0.5405655563620875,0.3596401741403551,0.12579402233470138,0.009693565524554583,0,0,0,0,0
Summer,0,0,0,0,0.07599331302401521,0.3670558298922711,0.6714992960705105,0.806766452825093,0.8528944542867661,0.864213178979197,0.8549163748401326,0.8494350221107413,0.8540834241802737,0.8663358596930298,0.8553126981379681,0.7898454632107114,0.6615106054962406,0.38217657130631316,0.09340466875266783,0,0,0,0,0
Fall,0,0,0,0,0.0,0.02830072100506143,0.2710028757854342,0.565497074490439,0.6512135778189035,0.650744134579483,0.6235068462188231,0.6017112672457307,0.6024202223419983,0.6194543056009689,0.6127000712378787,0.4609261977909652,0.17494904071544579,0.014418613782199547,0.0,0,0,0,0,0
Summer Peak,0,0,0,0,0.0,0.2133092597080883,0.6077852879353749,0.8438864959410398,0.8918080282590212,0.8497305852481107,0.8339515441190192,0.8205101387127561,0.8164192761978065,0.8602499460008383,0.8403800423567973,0.6744079060359833,0.45992982846648084,0.18934849354909755,0.0,0,0,0,0,0
Winter Peak,0,0,0,0,0.0,0.0,0.0,0.0005844089307070913,0.04499948766444603,0.10110274501232679,0.1349984629933381,0.16246568273657136,0.09116779319030623,0.059025302001416216,0.025129584020404924,0.0,0.0,0.0,0.0,0,0,0,0,0
