Unit: dimensionless (ratio of electricity demand in this hour to annual demand),Hour0,Hour1,Hour2,Hour3,Hour4,Hour5,Hour6,Hour7,Hour8,Hour9,Hour10,Hour11,Hour12,Hour13,Hour14,Hour15,Hour16,Hour17,Hour18,Hour19,Hour20,Hour21,Hour22,Hour23
Winter,0,0,0,0,0.0,0.0,0.00023461469048908143,0.06229020032485111,0.20234163508391995,0.2719048908139326,0.2680608193466884,0.2525582024905252,0.24692293809781632,0.2548366720808519,0.21321512362389466,0.08072098899115682,0.007498646453708718,0.0,0.0,0,0,0,0,0
Spring,0,0,0,0,0.020609213530754927,0.1598008521456651,0.3867670252583509,0.5529236599891716,0.636772910242226,0.6552870695134295,0.6514441750429606,0.624532143781926,0.605388291236082,0.5893399402085641,0.5735446434876769,0.5008003578070196,0.3331842470751629,0.11654033567948023,0.008980485393470026,0,0,0,0,0
Summer,0,0,0,0,0.0673712954026506,0.3380511287399072,0.6251794920081925,0.7521715590499283,0.7945140180315905,0.8033238388926817,0.7943198135637112,0.7890645229632068,0.7936901202890703,0.8059073468138702,0.7970681010334031,0.7372178150231868,0.6178879969868882,0.35443492384830866,0.08362562086579879,0,0,0,0,0
Fall,0,0,0,0,0.0,0.026218857340658753,0.2510673045346019,0.5238978582903602,0.6033088659501008,0.602873955994213,0.5776403028393408,0.5574480548874116,0.5581048576779358,0.5738858760772897,0.567628498140538,0.4270194466880277,0.16207940213194635,0.013357948645122353,0.0,0,0,0,0,0
Summer Peak,0,0,0,0,0.0,0.19761775852734165,0.5630752571737954,0.7818083378451544,0.826204656199242,0.7872225230102871,0.7726042230644288,0.7601515971846238,0.7563616675690309,0.7969680563075257,0.7785598267460748,0.6247969680563076,0.4260963724959394,0.17541959935029777,0.0,0,0,0,0,0
Winter Peak,0,0,0,0,0.0,0.0,0.0,0.0005414185165132648,0.04168922577152139,0.09366540335679481,0.12506767731456417,0.1505143475906876,0.0844612885760693,0.05468327016783974,0.023280996210070386,0.0,0.0,0.0,0.0,0,0,0,0,0
