hydrogen combined cycle,Hour0,Hour1,Hour2,Hour3,Hour4,Hour5,Hour6,Hour7,Hour8,Hour9,Hour10,Hour11,Hour12,Hour13,Hour14,Hour15,Hour16,Hour17,Hour18,Hour19,Hour20,Hour21,Hour22,Hour23
Winter,1.0,1.0,1.0,1.0,1.0,1.0,1.0,0.9304204648085915,0.8822800287350131,0.8844004503297465,0.8774339221667289,0.8742056286164952,0.8583347962527704,0.826624461237661,0.8755741371150767,1.0,1.0,1.0,1.0,1.0,1.0,1.0,1.0,1.0
Spring,0.1747389708633831,0.1747389708633831,0.1747389708633831,0.1747389708633831,0.1747389708633831,0.17379991273022352,0.16841636827738932,0.14575232105295163,0.13848982709676785,0.1366742036077219,0.1366742036077219,0.13554766714274247,0.13391952198551635,0.13171977622549744,0.13099319353506692,0.1500809874254132,0.16841636827738932,0.17551554777563225,0.18086909569537532,0.1835612845403076,0.17928344562669504,0.17227675543881646,0.16770645032756498,0.16770645032756498
Summer,0.17830782083857286,0.17830782083857286,0.17830782083857286,0.17638785117199554,0.17446788150541823,0.17446788150541823,0.17446788150541823,0.17446788150541823,0.17446788150541823,0.17446788150541823,0.17446788150541823,0.17446788150541823,0.17830782083857286,0.17830782083857286,0.17830782083857286,0.18214776017172746,0.19600960633721354,0.217571597025976,0.2269485209322246,0.21603139189647758,0.19724053686690998,0.19087529553081337,0.1793554775313495,0.1793554775313495
Fall,0.8861780700144353,0.8421149113353122,0.8251534290693302,0.835616591353287,0.85969970953846,0.8398315140412995,0.6555964139359406,0.5754864924712029,0.5796687413399285,0.5987376849499169,0.6346210786390961,0.643404052600491,0.6582543034663955,0.6581902125131788,0.7303063584208359,0.8899418426592169,0.9181519155573991,0.9351121411380239,0.9352905904587447,0.9236687642754595,0.9097396637763748,0.914782742114775,0.916131165503039,0.9122253874128949
Summer Peak,0.0,0.0,0.0,0.0,0.0,0.0,0.0,0.0,0.0,0.0,0.0,0.0,0.0,0.0,0.0,0.0,0.0,0.0,0.16703736099222574,0.16703736099222574,0.16703736099222574,0.16703736099222574,0.16703736099222574,0.16703736099222574
Winter Peak,0.7996942404180354,0.7996942404180354,0.7996942404180354,0.7996942404180354,0.7996942404180354,0.7996942404180354,0.7996942404180354,0.7996942404180354,0.7190502276764926,0.7190502276764926,0.7190502276764926,0.7190502276764926,0.7190502276764926,0.7190502276764926,0.7190502276764926,0.7996942404180354,0.7996942404180354,0.8860875886687184,0.8860875886687184,0.8140292502874921,0.8140292502874921,0.8140292502874921,0.8140292502874921,0.8140292502874921
